ID,Text,Label
1,"Kadiri naman yung nakikita ko dito sa twitter na indian, jijitim ng mga utong pinapakita pa",1
2,Mukhang masaya ang mga kasama mo sa picture.,0
3,hahaha tangina niyo skunky pa ang nais ni negro amputa hahaha,1
4,PAG SINAGOT KA NI BAYS WALANG SUMBUNGAN KAY TA/TAY DI/GS HA HAHAHAHAHHHAHAHAHAHHAHHAHAHAHAHAHHAHAHAA PAKYU ROQUE MUKHA KANG PATATAS,1
5,"Deadline na po ng mga proposals bukas, tapusin na.",0
6,Masaya ako kasi nakita kitang muli.,0
7,"Pinuntahan namin ang bagong parke, ang laki.",0
8,"Dito kami kumain noong huli, masarap talaga.",0
9,Medyo napagod ako sa lakad namin kanina.,0
10,Ulol tangina mo mas maitim ka pa sa badjao gago,1
11,PUTANGINA MO BRO ELI FALSE RELIGION FALSE TEACHING FALSE FUCK YALL,1
12,Fuckyut ang potah! Ampanget naman puro noong ngipin tapos ang ilong parang bahay ng sangkilong kulangot! Hoy palitan mo profile pakyu mo walang says kakasuka!,1
13,Ang panget! Ano daw?? Nakakahiya sa mamang Arabo! :)),1
14,TANGINA MO POKPOK!!! WHORE!!! CUNT!!! CHEATER!!! Send send ka pa ng puke mo kaluwang naman. Send send ka pa ng suso mo kaliit naman. HAHAHAHAH ðŸ¤®,1
15,"Ang ganda ng pagkakagawa ng proyekto, impressive.",0
16,"Ang lakas ng kalaban, hirap talaga silang talunin.",0
17,Congrats sa achievement mo! You truly deserve it.,0
18,Ano thoughts niyo guys sa proposal na 'to?,0
19,"Of course, I can help you with that right away.",0
20,"Ang bilis ng oras, magtatanghali na pala agad.",0
21,sarap sampalin ni nognog ng maraming beses!,1
22,"Ang ganda ng view dito, perfect for pictures.",0
23,Sana okay lang ang biyahe ninyo pauwi mamaya.,0
24,"Walang problema, ayos lang, naiintindihan kita.",0
25,Ang sarap talaga sapakin ng mga taong amoy arabo e! Bwiset!,1
26,Naalala mo ba 'yung nangyari sa atin dati?,0
27,"Roger that, understood. I'll proceed as instructed.",0
28,"TANGINA NETONG COMMERCIAL NG MAXIPEEL, EDI KUNG PANGET YUNG BABAE DI MO LILIGAWAN GANON?! ULOL PAKYU HAHAHA",1
29,MUKHA KANG IGOROT SUPOT KA PA ATA EH KADIRI KA MUKHA KANG MAY AIDS,1
30,Kamusta po ang first day niyo sa bagong klase?,0
31,"Hindi ako pupunta sa Pasig, Malabon and Mandaluyong branches PUTANGINA KANG SIRAULO KANG MONGOLOID PILOT KA. KAYA TAPUSIN MO ANG PA-MAINTENANCE MO PUTANGINA MO. AT HINDI AKO ISANG CHEF AT HINDI RIN AKO MAGTATAYO NG COFFEE SHOP. MAS LALONG HINDI AKO MAGTATRABAHO NG LIBRE FOR YOU.",1
32,Feeling maganda ampota. Ang baho ng pekpek mo gago!,1
33,"Break muna tayo saglit, kailangan ko ng kape.",0
34,"Maganda ang simula ng araw, excited sa bagong laban.",0
35,"AT TATANONG KA PA KUNG ""GANDA KA BA?"" OO GAGO MAGANDA KO PAKYU MUKHA KANG BURAT. Good morning sayo kinangina mo.",1
36,"Fighting! Kaya mo 'yan, kapit lang!",0
37,totooo hindi tanga bobo estupido ang buong mundo pilipino lang ang korakot bulag pipi bingi tanga bobo,1
38,The neighbor's smell got in the condo pota amoy bumbay,1
39,"Wait lang, loading pa utak ko, di ko pa gets.",0
40,"Sana okay lang ang tulog mo kagabi, mahimbing?",0
41,TANGA BA KAYONG PUTANGINA KAYU? MGA SELFISH NA MATATANDA PANSARILING KASIYAHAN LANG INIISIP TANGA MGA DUWAG AT WALANG BAYAG TATANDA NYU NA SOBRANG DALI NYU PA MALUKO MGA TITE!!!,1
42,ipit na ipit magka suso lang puta desperada,1
43,Hoy tama n isang anak s inyo ha! Wag kau magkakalat ng lahi ninyong pangit borga ang ilong pokpok,1
44,Ulol bakla dami mong tigyawat pangit mo,1
45,"Ang bait ng iyong pamilya, ang warm ng welcome.",0
46,ISLAM IS A DEVIL'S RELIGION ILL SAY IT AGAIN,1
47,"Naiinis ako sa traffic, nakaka-stress.",0
48,Mukhang masarap ang ginawa mong lunch.,0
49,"See you around soon, sana magkita tayo ulit.",0
50,"Para saan 'to, beh? Pwede pa-clarify ang purpose?",0
51,Hayop na yan. Napagkamalan na naman na sugar daddy ko yung boss namin ni dustine nakita lang na bumili kami ng pizza hahahaha sumbong pa kayo kay negro mga olol,1
52,Enjoy your vacation! Have a super relaxing trip.,0
53,"Ang bilis ng internet, walang buffering, sulit!",0
54,"Gago wag mo ko idamay sa kagaguhan mo. Di ako bobo kagaya mo. Puro ka lang naman suso, eh iniipit mo lang naman yan.",1
55,Haha. :) Eww. Yuck. Hehe. Go Up. Shower ka na ng mawala na amoy ng pag ka Badjao mo;),1
56,ansakit na sa mata ng mga badjao sa taytay tangina talaga ambabaho pa,1
57,"Ano kaya nararamdaman ng mga ðŸ¸ðŸ¸ðŸ¸ ngayon??? Bulag at bingi pa din ba? Tanga-tangahan pa din?? Ito, ðŸ’£ðŸ’£ itali sa self at pasabugin nyo!!",1
58,Ano ba ang subject natin ngayon? Nakalimutan ko.,0
59,"Thanks for the treat, ang sarap ng food!",0
60,HND PORKET DI NA AKO NAG SISIMBA SEVENTH DAY ADVENTIST NA? PANGIT DN KASE NG MGA UGALI NYO MGA TANGA..,1
61,hahaha! Kadiri yang mga batang yan! Totoo naman sinabi ko :) funny ka kasi indian! Wala na kaming makikitang maitim! :),1
62,"Ang sarap ng ice cream, paborito ko 'tong flavor.",0
63,MuKha mo mukhang kabayo magsama kayo ni quiboloy parehong tangaðŸ˜‚ðŸ˜‚,1
64,Iniissue yung suso ko atleast to firm e suso mo teh pahaba na ipit yung cleavage ulol isa pa ulol,1
65,"Patakip-takip ka pa ng dibdib eh FLAT naman, huwag ambisyosa teh.",1
66,"Salamat sa pag-alala mo sa akin, napakabuti mo.",0
67,May ate ka? *Oo feeling maganda sulid mang-utos kala mo reyna mukha namang gurilya.,1
68,Ang pangit mo pa! Ang taba mo pa! Ang bobo mo pa! Jusskooo!!!,1
69,ew r u a kapre now or arabo like its so kadiri,1
70,"Ang sipag niyo po mag-overtime, pahinga din minsan.",0
71,"Ang sipag mong mag-ehersisyo, nakaka-inspire ka.",0
72,"Ang lakas ng tiwala mo sa sarili, admirable.",0
73,"Ang bango ng kape mo, sarap humigop.",0
74,"Ang sarap ng tulog ko kagabi, mahimbing talaga.",0
75,"Nag-bake ako ng cake kagabi, gusto mo tikman?",0
76,Hoy putang ina mong gago ka! Mga tulad mong iglesia ni kulapu ang pupuntang impyerno ULOL! Pagmumuka mo mukang tumor ng aso,1
77,ULUL TANG INA MO NEGRO KA GAGO. MAMATAY KA NA. NAWALA 2k ko sayo TANG INA MO,1
78,EWW KADIRI MUKA PANG UNGGOYâ€ IGOROT LOVER,1
79,ang kapal mo hindi ako nognog. Sapakin kita eh.,1
80,Kung makakilos kala mo austistic amputa,1
81,"Naku, traffic na naman papunta sa work.",0
82,Sana magkahiv yung pwet mong malanding bakla ew,1
83,GRABE KANG ABM NO. 11 NA PLAYER KANINA NG BBALL WALA AKONG PAKE KUNG MAGALING KA PUNYETA KA AMBAHO BAHO MO NAMAN NAPAKAYABANG MO. NAKITA NANG NAKAKAAPAK NG SAPATOS DIMAN LANG MAG SORRY. POGO KA PUNYETA NAPAKA YABANG,1
84,"No worries, I totally get where you're coming from.",0
85,Di ako papatol sa matabang homophobic na panget marites boomer aka boobsie. Tanginamo pakyu,1
86,sabi nung paring ulol pangit daw ang naratibo ng nutribun kaya masama ito,1
87,"Call mo ako if needed, I'm available anytime.",0
88,TANGINA MONG MUKHANG RABBIT AND MUKHANG BLOATED NA FROG NA MAPANLINLANG NA UNGGOY NA MABAHO.,1
89,"Tulungan kita sa research paper mo, ano topic?",0
90,"Pwede bang ulitin natin ang game na 'yan, nakakatuwa!",0
91,"PUTANG INA NG DATING DAAN AMPUTA MADALING ARAW NA E NAGPAPATUGTOG PARIN ANG MGA PUTANG INA MANAHIMIK NGA KAYO MGA GAGO, TANG INA.",1
92,and dudugyot ng mga Igorot!,1
93,"hoy lucy, your pussy stinks walang kakantot sa pepe ko kasi malibag at mabaho!!!! aamagin yang pepe mo hanggang sa mabulok at mategibelz ka kingina mo POKPOK KA MALANDING BITCHESA",1
94,"Ang daming naglalaro ngayon, sikat na sikat ang game.",0
95,"Ang daming workloads, pero kaya nating tapusin 'yan!",0
96,sosyal sa labas tan skin tawag tas pag uwi nognog. hustisya amputa. taba mo pa lalo!,1
97,EW LIKE YUCKKK MUKA KA NA NGANG AETA ANLAKI LAKI PA NG LABI MO. DI MAGANDANG TIGNAN KADIRE.. EWWWW,1
98,Tangina hugas kamay ang mga gaguuuuuu ang hirap maging pinoy ughhh. Tapos wheelchair era si tanda ihhh gaguhan era it is patuloy mo lang pagiging lumpo,1
99,Natutuwa ako sa mga sinabi mo sa akin.,0
100,You're the best! Sobrang thankful ako sayo.,0
101,Ang witty mo! Ang bilis ng pick up mo.,0
102,"Ang sipag mong mag-aral, lodi, keep it up.",0
103,Heterophobia putanginang yan pinakabobong narinig ko sa mga bobong born again tangina niyong mga born again kayo mga bobo putangina niyong lahat,1
104,"Sa fb koryano, sa personal africano, pag nilapitan mo amoy arabo.",1
105,Grabe may mga tao palang katulad mo!!! Napaka bobo di nag iisip sarili mo lang iniisip mo tanga!! Bobo!! ANG PANGIT MO NA NGA ANG PANGET PA NG UGALI MO BOBO KANG TANGINAMO BAHALA NA KARMA SAYO!!!!,1
106,Ikaw ata walang kwenta. Bulag pipi at bingi,1
107,bobo ka na pari niluluto yan sa lunch counter ng mga public school kupal ipinamimigay yan tuwing recess ng hapon leader ako noon sa room kaya ako ang taga kuha submit sa lunch counter yung present during that time at tatawagin kapag ready na saan ka ba nagaral noon sa gay bar,1
108,Kailangan natin ng bagong diskarte para sa sales target.,0
109,alam mo ang taba taba at bobo mo yun langðŸ˜‚ hahahhaa jk hu u pala? hahhaha boring ka noh? hahhaha,1
110,"Ang linaw ng tubig, ang sarap tingnan, swimming na!",0
111,"Ingat ka sa biyahe pauwi, safe travels always.",0
112,"Ang dami mong alam, galing, saan mo natutunan?",0
113,"mga badjao, papangit niyo kasi lahat kayo kadiri",1
114,"My bad, di ko talaga napansin 'yung message mo.",0
115,"Ang sarap ng tawa mo, nakakahawa, ang saya!",0
116,"Ang galing mong magluto, patikim naman kami diyan!",0
117,pakyu mukha kang tae sa inidoro,1
118,"Ang galing ng presentation mo kanina, very informative.",0
119,Niyaya ako ng kaibigan ko na manood ng sine.,0
120,Kuya:tangna ang itim mo gago M:wow gagi ikaw din k: kadiri ang itim natin negro igorot HAHAHAHHAA,1
121,Nakuha mo ba ang sagot sa number five sa test?,0
122,"Take care always, guys, ingat sa lahat.",0
123,"Completed na po ang report na 'yan, pinasa ko na.",0
124,"Tara, celebrate tayo after work, my treat!",0
125,kagigil ka be kala mo naman ang ganda mo ulol sana sumami yang tigyawat mo hanggang sa pumanget ka lalo ðŸŒµ,1
126,Ang puta kasi ni Sandr0 Marc0z eh. isa ring fuccboi ang puta na ginamit ang mukha niya sa pamumulitika. Maputi ka lang naman ulol,1
127,"Ang daming tao, kaya medyo matagal kami.",0
128,"Ang galing mo magluto, patikim naman ng specialty mo!",0
129,Muka talagang Badjao si Kris. Hahaha. Kadiri!,1
130,pakyu mukha kang betlog ðŸ–•,1
131,"Ang sipag mong mag-ayos, ang dami mong ginawa.",0
132,"Puwede bang mag-lunch break na tayo, gutom na ako?",0
133,Practice pa ako nang husto para gumaling sa laro.,0
134,"tangina talaga ng mga straight na feeling nila lahat ng taong hindi straight bet sila... una sa lahat ang panget mo, panget pa ugali mo, mas gwapo ako sayo, wala kang sense kausap. bottomline: ew.",1
135,immature ang puta napakapanget mo na nga panget pa ng ugali mo,1
136,si AETA hahaahha kapal nya magsama sama silang mukang paa,1
137,ULOL! ANG TABA MO! PAKAMATAY KA SA PAG PAPAPAYAT DYAN,1
138,HAHAHHAHA GAGO TONG NEGRO SA HR DI RAW AKO MAKITA HUY MAS DI KITA MAKITA,1
139,"Ang dami ng emails ko ngayon, di ko na kayang basahin.",0
140,"Ang babaeng tulad mo walang utak,Sbi mama mo.sabi mama mo dapat di ka na inanak kasi bobo ka naman..Kya Pala Hindi ka mahal ng mama mo kasi panget ka i mean ugali mo..Sabi mama mo",1
141,Ang dami kong natutunan sa discussion natin kanina.,0
142,"Ang linis ng sapatos mo, parang bago lang.",0
143,ANG BAHO NG MGA CHEKWA PUTANGINA,1
144,"Ang bilis ng oras, grabe, magdidilim na pala.",0
145,Ano kaya ang ulam natin para sa hapunan mamaya?,0
146,TANGINA NG BABAENG NAKASALUBONG KO SOBRANG BAHO AMOY NABUBULOK NA LAMAN POTA UMAYOS KAYO,1
147,MYGAD MAY EPALERKS NANAMAN !! GIRL SAKA KA NA UMEPAL PAG MAGANDA KA NA HINDI YANG MAPUTI KA LANG AT MAY BOYFRIEND KALA MO DYOSA KA NA ULOL ðŸ˜,1
148,"Ang sarap humiga sa kama ngayon, pahinga muna.",0
149,"TBH, ang pangit mo talaga, ang sama pa nang ugali mo, ang taba mo at higit sa lahat ang bobo mo",1
150,May meeting po ba tayo ngayong hapon sa conference room?,0
151,INUTIL TANGA BOBO!! LAHAT NG TALINO NAPUNTA SA SUSO!!!,1
152,"Ang ganda ng view mula sa itaas, ang lawak.",0
153,"Goals ko rin talaga 'yan sa future, sana makuha.",0
154,"wala bang magsasaway o kukupkop man lang sa mga badjao dyan sa kalayaan? hello dswd??? sorry not sorry pero nung dumami sila, sobrang bumaho sa street?",1
155,tangina pasikat negra naman landi amputa nognog,1
156,"Iglesia Ni Kristo, Quiboloy, And El Shadog, cannot support their endorsements to Bobo Magnanakaw, and SArA with Biblical basis. But when they speak with non members they always quote twisted Bible verses to deceive people's mind. Mga tangang feeling magaling at matalino talaga tao dyan",1
157,TANGINA MONGHE KA? SAMBA SAMBA KA DYAN MUKA KA NAMANG SI BUDDHA,1
158,Seryoso ka dyan? Di ako makapaniwala sa balita.,0
159,ang lakas mang dogshow pakyu mukha kang shokoy,1
160,Gago ang pangit nyo talaga kayong matatanda na walang pagkatandaan. Boomer energy ampota,1
161,"Nakaka-inspire ka, idol! Paano mo ginagawa 'yan?",0
162,Sana magtagumpay ka sa bago mong negosyo.,0
163,"Ang lakas ng ulan, baka bumaha na sa kalsada.",0
164,"Salamat sa pagbisita sa akin, na-appreciate ko.",0
165,"Ang ganda ng simoy ng hangin sa gabi, ang lamig.",0
166,Paki-send naman ng full details para ma-review ko.,0
167,"Ang talino mo talaga, lodi, bilib ako sa utak mo!",0
168,Yan ang tunay n mukha ngkakalat na low class.maiitim.at ampapangit kadiri mga bicolano/bicolana.kau na bala jan.,1
169,Pinagsasabe nyang unggoy na Quiboloy na yan?? Sino ba yan? Tangina ang panget at ang asim naman ng pagmumukha tanginaâ€‹ bobo ampota!!,1
170,BITCH GO BACK TO UR COUNTRY MONGOLOID KA ANG PANGIT MO,1
171,kanina may nakasalubong ako sa elevator mabaho ughhhhhhhhh. amoy putok ng bumbay + dying animals. natrauma na ako sa elevator,1
172,"Ang cute ng alaga mong pusa, ang lambing talaga.",0
173,May memo po ba tayong natanggap galing sa management?,0
174,skusta clee feeling pogi panget mo tanga,1
175,Talaga? After niya pagsabihan na putangina sa mga katoliko at may All Souls Day at All Saints Day pa daw na nalalaman??? ULOL na presidente,1
176,Racist ba kung i describe na ang squammy ng mga Chinese sa restaurants? Kaloka itong kasabay namin sa isang steakhouse. Ang dudugyot. Klk,1
177,"May nakita ako kaninang naka-pink na bag na NEGRO, este LIBAGIN. Yabang ng mukha sarap sapakin.",1
178,Proud na proud ako sa mga achievements mo.,0
179,"Agree ako dyan, that's definitely the best option.",0
180,"Tara, chill lang tayo sa favorite coffee shop.",0
181,Ang papangit naman ng Mga my boy nyoo sa myday,1
182,Bakit kaya ang pangit ng mga lalake sa totoong buhay.,1
183,fuck you and your twisted beliefs. mas genuine pa yung sympathy ng chaplain sa evangelical church ng tabak putangina niyo,1
184,"Tara, kain na sa labas, libre ko na 'to.",0
185,Tameme ang Baklang Butanding Roque napakabobo kasi ng argumento mo taba,1
186,"hehe bago mag tapos ang 2019, isang malutong na tangina mo pakyu gago hayup kang tangina kang pangit mo. para sa mga kaibigan kong peke, nambackstab sakin, sa mga nanakit sakin, sa may ayaw sakin papapapapapakyu kayong lahat",1
187,Naiintindihan ko ang nararamdaman mo ngayon.,0
188,"Ay, totoo ba 'yan? Parang di ako updated dyan.",0
189,"Laban lang, konti nalang, malapit na tayo matapos.",0
190,oo na madaming nagkakagusto sayo pero hindi dahil maganda ka.. alam mo rason? dahil malaki suso mo tang,1
191,Anong planong gala mo sa darating na weekend?,0
192,So true! Relate much ako sa sinabi mo.,0
193,"Ang dami kong natutunan ngayon sa klase, productive.",0
194,"MAHIYA KA NAMAN SA MUKHA MO. LA KONG PAKI KUNG IGLESIA KA TANGINA WALANG KATUTURAN PARIN MGA SINASABI MO. BOBO KA, BOBO RIN MGA KAKULTO MO",1
195,Pogi ka nman tlga pandak at mukhang aeta nga lng,1
196,bakit ba feeling lagi ng mga straight na lalake na uhaw na uhaw sa kanila mga bading???? tangina ðŸ˜­ ni-simpleng mag sabon nga lang ng mukha di niyo magawa pero ang yayabang niyo please lang ðŸ˜­ðŸ˜­ðŸ˜­,1
197,"MUKHANG LALAKE! ANDROGYNOUS! pro atleast ikaw mejo makinis naman. eh si aeta este, mukang baaaaaaakla!!!!",1
198,Ang galing ng pagkaka-edit ng picture na 'yan.,0
199,Puro boka mga mar-e kesyo prioritize daw silaðŸ˜‚ ano kayo mga special child? Mga abnoy ba kayo? Para bigyan kayo ng special treatment? p,1
200,TANGINA YUNG SA AJHS NA YUN Puta talaga ang liit mo pero gago ang liit din ng utak mo!,1
201,"Sana okay ka lang diyan, may maitutulong ba ako?",0
202,"Stay safe and healthy, especially these days.",0
203,kung 'di ka lang din naman bobo kita mong pinatatahimik ko kasi nga magvvr ako ta's ganiyan sasabihin mo kesyo magiging pipi na naman kayo kasi 'di kayo makakapagsalita???? putangina pwedeng manahimik kahit saglit na saglit lang???? kakabatrip amputa tanda mo na ganiyan ka pa rin,1
204,"Last life na lang, kaya pa 'yan, huwag susuko.",0
205,"Noong isang linggo, nagpunta kami sa Tagaytay, ang ganda.",0
206,Maraming salamat po sa tulong ninyo sa akin kahapon.,0
207,"Ang tahimik ng gabi, perfect sa pagpapahinga.",0
208,Naiirita ko sa itsura ng gaga. Kamukhang kamukha niya yung bully ko nung highschool. HAHAHAHAHA. Yung mukhang mabait at kalma pero demonyo.,1
209,"kadiri sa feeling educated sa fb tapos kunwari palaging tama,, bugok, panget ka na nga, kinulang ka pa sa height, asim mo pa!",1
210,Cheers to that! I'm happy for your success.,0
211,"Pwede pa-confirm ang sched natin for tomorrow, please?",0
212,17 yung nagpost that's fine to be a virgin. Yung totoong pussy dito yung mga autistic na parating feeling malibog at makipagsex para mapatunayan pagkalalake nila mga feeling insecure,1
213,LUMAYO LAYO KA SAKIN ANG BAHO NG HININGA MO BOBO KA TANGINA KA,1
214,"maputi lang daw ako, ulol maitim ka lang",1
215,hahahahhaha moreno hahahaha ayoko ng nognog kadiri,1
216,Anong nililipad mo dyan PUTANGINA KANG SIRAULO KANG MONGOLOID PILOT KA DYAN SA AIRPORT?!! ILANG BESES KO BANG SASABIHIN NA HINDI AKO INTERESTED NA MAGTRABAHO SA AIRPORT MO OR SA RESTAURANT MO PUTANGINA MO KAYA GAWIN MONG REACHABLE ANG LAHAT NG WEBSITES FOR ME NG 24/7 TANGINA KA!!,1
217,Tanginang arabo to nanapak yung amoy kala mo nabubulok na sibuyas amp,1
218,Ang galing mo talagang mag-solve ng kumplikadong problema.,0
219,"Nakakahiya na maging katoliko Mga suporter ni Lutangina, mga putangina nyo po nababaliw na po kayo",1
220,"May problema ba, may maitutulong ba ako sa 'yo?",0
221,Anong name ng siraulo at may mental disorder na nagpadala ng mga buang na mura ng mura tuwing madaling araw sa paligid ko? Para alam ko kung sinong ipapadala ko sa impyerno ng maaga. NAKAKAINIS AT NAKAKABWISET EH. NANANAHIMIK AKO TAPOS MURA NG MURA? DINEDEMONYO MO BA ANG UTAK KO?,1
222,"Ang kulit ng character mo, gusto ko 'yung skin.",0
223,filipinos may have really descended from monkeys no hate but their bone structure and teeth were accurate,1
224,mukha kang tae pakyu mamatay ka na,1
225,CATHOLICS FUCK YALL FOR DRAGGING THE PURA LUKA ISSUE GANYAN BA YUNG MGA SINASAMBA NYONG DYOS-DYOSAN? YALL R SO HAPPY FOR OTHER'S SUFFERING SO FUCK YALL,1
226,Kaya pala yung mgaat mga NPA na babae ang dudugyot mas mukhang lalake na,1
227,"Ang dami nang points mo, panalo ka na yata!",0
228,Sad to hear that. Hope everything gets better soon.,0
229,Ang dami nang nagbago sa ating komunidad ngayon.,0
230,"Chill lang, walang reason para mag-madali tayo.",0
231,"Ang bait ng mga kapitbahay natin, ang friendly.",0
232,"Putang ina mo kang matandang muslim na naka hijab na puti, lace na dress tas kita bra na black sa loob tas naka blue green crocs na may dalang box na sumakay sa teresa pa-boni. Tangina mo ka kingina mo panget mong haup ka pag nakita kita huhubaran kitang putang ina mo",1
233,Tangina talaga ng mga babaeng feeling gamer ampota. WALA NAMAN KAYONG AMBAG PURO PACUTE LANG KAYO NAG PAPANGET NYO NAMAN.,1
234,Wtf... Badjao.. Dugyot mo tangina ka kadiri,1
235,so don sa nag sasabing panget kami ULOL MGA AMERIKANANG HILAW MAPUTI LANG KAYO GAGO KALA NYO DI KO KAYO PAPATUSIN HAHA GAGO,1
236,"You got this, I know you can do it perfectly.",0
237,RIP INC mamatay lahat ng kulto ni manalo para may trabaho ako sa funeral home!,1
238,TANGINA YUNG MGA HINDU MGA INDIANO YUN DIBA? KAYA PALA AMBABAHO AMPUTA,1
239,Paki-confirm na lang po ang exact time ng meeting.,0
240,"panget ng mga tomboy sa pinas kumpara sa ibang bansa, masyado sila mukhang lalake",1
241,TINGIN MO MAGANDA KANA NYAN SA BLOND MONG BUHOK? ULOL MUKHA KANG BADJAO TANG INA MO!,1
242,Mga babae nga naman talaga maghahanap ng gwapo tapos pagniloko sasabihin lahat ng lalake pare-pareho ulol pakyu(di ko nilalahat ng babae wag maging defensive) isipin niyo yung mga lalaking seryoso nasa tabi niyo na maghahanap pa kayo ng manloloko ayos yan.,1
243,"Ang dami mong natulungan, ang selfless mo talaga.",0
244,bobo ka na ang taba mo pa. ang malas mo nmn sa buhay.,1
245,Story maker amp HAHAHAHAH utak mo pilay bobo kita kita nalang tayo mamaya,1
246,Ganda ka ganda ka? Ulol mukha ka ngang bombay ehðŸ˜‚ðŸ˜pakyu ka oi,1
247,ot mo mukha mo. Nognog ka na ih! Che. Sampalin ko ribcage mo.,1
248,TANGINA NITONG BADJAO SA JEEP BINIGYAN KO NG LIMA GALIT PA HAHHAHAHAHA ANG BAHO NA NGA CHOOSY PA AMPUTA,1
249,TANGINA MO ROOMMATE PILIT MONG ISINISIKSIK SA ILALIM NG KAMA YUNG SAPATOS KO NAGASGAS TULOY BWISIT KA. KUNG GUSTO MO MALUWAG SUBUKAN MO LABHAN YUNG KABUNDOK MONG LABADA NA SOBRANG BAHO NG SINGAW PATI TUWALYA KONG PANLIGO NAHAHAWA NA. MAPOSTURA KANG DUGYOT KA SOBRANG BAHO NAMAN NG PAA MO GAMIT KA FOOTSPRAY POTA KA,1
250,"bobo ka? Hahaha anyare sa kyrie mo? Pilay na talo pa, cavs pa bobo bakla hahaha walang kwenta",1
251,feeling pogi pakyu mukha kang pagong,1
252,"Sana makita kita soon, miss na kita sobra.",0
253,"Ang lamig ng tubig sa swimming pool, refreshing.",0
254,"Ang init ng yakap mo, nakakakilig talaga ako.",0
255,"Ang ganda ng kulay ng damit mo, bagay sa iyo.",0
256,"Nakakatuwa ang mga memes ngayon, tawa ako nang tawa.",0
257,Ang dami kong natutunan sa seminar kahapon.,0
258,Kadiri. Eew. Di ako papatol sa Badjao. Sa Malaking Ilong lang.,1
259,ge goodluck. bka makakita ka nnman ng badjao hahahâ€ HAHAHAHA badjao amp kadiri yung break ko eh bungi bungi huhuhu,1
260,"Hayop talaga puta. Palibhasa mukha kang aeta rin kaya ganon, kinginang lalaki to. Hayop kala mo di tao",1
261,Kadiri gago imagine fucking this bitch hindi ka na malilinis sa kahit anong ligo lmfao,1
262,TANGINA MO SAGAD SAGAD BAKLANG PANGET !!,1
263,â€œbenta mo na sakin yung soot mong damit sa md moâ€ ulol pakyu ka maemae ang panget panget naman nga sayo nito aagawin mo,1
264,"Uy, may bago ka bang kuwento o update sa buhay mo?",0
265,tanginamokag babae ka sana magsara butas ng kipay mo,1
266,MUKA TALAGANG MGA MONGOLOID MGA KOREANO ANO HAHAHAHHA MAGA PALAGI MUKA E,1
267,WTF ANG MGA HOE TEENAGERS NA TO BINOTO SI MARCOS DAHIL SA ANAK NIYA. ANG PAGIT NAMAN NGA PAKYU,1
268,"Nakaka-proud ka talaga, ipagpatuloy lang ang maganda.",0
269,"Nice one, good job sa presentation mo kanina!",0
270,Crush mo talaga chicser no? Yak. Ew -.- iba ang korea sa chicser. Duuh. Ang layo layo kaya mukhang igorot mga chicser eh haha,1
271,PUTEK ANO SA TINGIN MO BULAG BA YOU PWEDE BA TADYAKAN YOU PAKYU,1
272,"TANGA TALO KA TALAGA, BOBO MO NA NGA PANGET KA PA",1
273,May bago ka bang exciting na balita sa akin?,0
274,DI. PORKET BF KAYU SA CAMERA KAYU MAG LALANDIAN BOBO FLAT KA NAMAN SAKSAK MO SA BAGA MO YUNG BAYAG NG BF MONG TANGA,1
275,"So kind of you, thank you for your generosity.",0
276,Ew kadiri amputa plastik tangina lait ng lait ng ibang tao sa harap ko mas kalait lait nmn itsura nya badjao tanga,1
277,Sana maganda ang kalalabasan ng lahat ng ating pinaghirapan.,0
278,"LMAO, that's hilarious! Ang kulit talaga.",0
279,Punta ka pa sa parteng Divisoria daming mga baboy na bisaya at muslim. payabangan pa sila tapos ang bababoy. mga bastos at patapangan pa sila. Mga taga parola baseco. Papangit pa ng ichura mga bobong tanga na mangmang sobrang dami.,1
280,"Ang bilis ng delivery, thank you sa rider!",0
281,Payabang kala mo'y ang angas nya tignan. Ulol muka kang badjao jan sa kanto.,1
282,"Pahinga ka muna, deserve mo 'yan pagkatapos ng trabaho.",0
283,Ang sarap maglakad-lakad sa ganitong malamig na panahon.,0
284,Kaya ko pa intindihin kung menor de edad ka. kaso mas matanda pa kayo sakin. Ulol pasad boi sad boi ka pa dyan. Buti sana kung maputi at makinis yang betlog mo. I bet u barely even give attention to it ðŸ¤£. Fuck you & your friends parepareho kayong basura.,1
285,"Sa employee kanina na bobo at bingi na hindi makaintindi na yung headset nga ay mas mahina nga kesa dun sa isang part, mamatay ka na.",1
286,hoy mukha kang bilat tigiltigilan mo si avi tangina mo kung inggit pikit wag ganyan teh di ka rin naman papatulan niyan ulol ka ba ano calculus at debate tayo oh tangina mo ka makasabi ng pangit ikaw nga duwag nag tatago sa sayout kapal ng mukha mo ha,1
287,Sino ba ang next nating makakalaban sa round na 'to?,0
288,"Congrats sa lahat ng achievements mo, proud kami!",0
289,PAKYU MUKHA KANG NINJA TURTLE,1
290,toxic trait na talaga ng mga matatanda dito sa pinas ang maging body shamer shut up boomer,1
291,isang case ng red horse tatlo lang naman kami kinginang nognog talaga to amputa hahaha,1
292,wag kang feeling! kala mo naman kagandahan,1
293,Ay sa putang inamoka ang ingay ingay mo wala ka namang ambag sa inyo. Napakabobo putang inamo wala kang kwenta. Bobo ka muka kang aso na may galis bobo. Tang inamo palamunin bobo tanga tanga,1
294,tanga ang pangit mo pa rin,1
295,"oh god kulot, mukhang aeta si ate HAHAHAHA",1
296,"Ang saya ng tugtog, napapa-indak ako.",0
297,Nag-reply na ba ang client tungkol sa quotation?,0
298,"Ang haba ng pila, ang daming tao naghihintay.",0
299,Pasimuno talaga tong nognog na to sapakin kita eh,1
300,"""panget mo naman , dami mong tagyawat"" ikaw nga walang tagyawat pero panget parin.",1
301,Ang saya naman niyan! Sounds like a great time.,0
302,panget daw sa babae ang nagmumura ulol eh ikaw panget na nga nagmumura pa pakyuðŸ˜‚,1
303,TANG INA MO MAITIM NA POKPOK NA DINO USER KO GAGO,1
304,Humanda ka sa akin tanginamong unggoy ka bading negro unggoy squatter ugali squatter pwet mo lasinggero nigger drug pusher squammy bading.,1
305,sapakin nalang kaya kita â€” Sapakin ko yung libag mo. Negro.,1
306,Pakyu mukha kang tubol,1
307,KALA MO MAGANDA TANGINA AMPANGET MO GAGO! PAKYU KPOKPOK FANS.,1
308,YALL CATHOLICS BETTER SHUT UR DAMN MOUTHS TALK ABT HYPOCRITES AT THEIR FINEST WALA AKONG PAKE MGA KAHOY LANG NAMAN YANG SINASAMBA NYO,1
309,"Same thoughts, sizt. Magkapareho tayo ng ideas.",0
310,Mahal kita kaht dka ganon kaganda. #GasgasNaYanBro pakyu mga lalaki mhilig sa mganda. Mga ulol!! ðŸ˜ðŸ˜ðŸ˜ ./.,1
311,"Ang linaw ng tubig sa ilog, nakakatuwang tingnan.",0
312,"Ang ganda ng porma mo, ang lakas ng dating!",0
313,tumawa pa ang mukhang negra! dahil nalaglag ako sa hagdan! sarap mo ring sabunutan e!,1
314,tangina mo cheater na nga manipulative sad boy lakas ng apog magdrama e ikaw nga â€˜tong may kasalanan in the first place may ubo ba utak mo bwiset na to tanga tanga parang hindi nag grade 2 sana mapipi bayag mo,1
315,PUTANGINA MONG NEGRO KA PURO KA YAKAP TAPOS PANALO KA? GAGO KAYA KA MAITIM. LUTO! ULUL GAGO TANGINA MO ðŸ‡µðŸ‡­ðŸ‡µðŸ‡­ðŸ‡µðŸ‡­ðŸ‡µðŸ‡­ðŸ‡µðŸ‡­ðŸ‡µðŸ‡­ðŸ‡µðŸ‡­ðŸ‡µðŸ‡­ @FloydMayweather,1
316,"Hindi ko expected ito, pero ang ganda talaga!",0
317,tangina mong babae ka sad girl bwiset kala ko ba mag sama sila tas wala kang pake eh bat nag sasanaol kapa dyan kawawa pangit mo kasi tangina mo sama pa ng ugali ano ba yan lahat nalang ata masama sayo panget che,1
318,nognog naman kase talaga yun eh kadiri baho baho pa nun hays,1
319,Mukhang tite ng Aeta kamo HAHAHAHAHHA,1
320,"Ang ganda ng bulaklak na 'yan, ano ang pangalan?",0
321,May bago ka bang hobby nitong nakaraang buwan?,0
322,Hindi ko maintindihan kung bakit ganoon.,0
323,Putcha! Hello.. ang panget mong babae.. gandang ganda ka sa sarili mo na nyan?dahil naiyot ka nya..ulol! Gurang ka hayup ka..,1
324,"Uy, long time no update from you, kamusta na?",0
325,Kinakausap mo ng maayos tatalikuran ka. Parang tanga si ate. Flat naman!,1
326,Puro suso pangit naman hahaha ang lande pa nyan,1
327,Panget mo ampota haha tangina mo ikaris bobo. Lalo ka na sprite tanginang yan super bobo gamings pangit ng power mo ulol HAHAHAHA,1
328,natatawa talaga ko sayo ang bobo mo. pinagpipilitan mo yang pics na yan. sinu ba yan? bwahahaha isa lang alam ko pagtumabi ka kay Tita Wella magmumuka mang badjao na nanghihingi ng limos sa jeep. ahhahaa,1
329,"Talo na naman ako sa round na 'to, grabe talaga.",0
330,kadiri un mars. Tumatambay sa ilong yung bumbay scent. Elk :& yes ang arte ko lang hahaha.,1
331,"Enjoy your day ahead, make the most of it.",0
332,"AMPANGET MO! , ANG TABA MO! , BOBO KA!",1
333,Hindi naman mukhang Aeta. Mas mukha pa siyang African..Nope. Mas maitim pa sa dalawa!,1
334,HALOS MAPAOS AKO KAKATILI TAPOS LUTO YUNG LABAN? PATAYIN LAHAT NG NEGRO.,1
335,Yang kabobohan mo wala lugar yan. Kung ako sayo mag dota ka nalang. Ayy teka di din pwede dota sa bobo. Matulog ka nalang. Di ka pa tubuan ng tigyawat.,1
336,"Copy that, thanks for the heads up sa schedule.",0
337,nakakatangina talaga ng mga dating daan. bobo muka kayong mga manang sobrang banal banalan kala mo kung sino putangina nyo,1
338,Eto pang mga putang inang to mga feeling famewhore talaga kala mo ang gaganda talaga samantalang alagang camera lang naman mga gago panget,1
339,spoiled brat tong PIPI na si Abby! Nakakaleche! sarap tadyakan. lols,1
340,awts! Kadiri mare kababae mong tao! Amoy arabo! LOL! Hahahaha,1
341,"Akala mo ba, nanalo kami sa game kagabi, ang saya!",0
342,"pakyu, mukha kang etits.",1
343,gagoooooo ulol pakyu bwiset kayong mga manyak na lalaki mag laho na kayo sa mundo ang papanget ninyo! Amoy anghitðŸ–•ðŸ¼ðŸ–•ðŸ¼ðŸ–•ðŸ¼ðŸ–•ðŸ¼ðŸ–•ðŸ¼ðŸ–•ðŸ¼ðŸ–•ðŸ¼ðŸ–•ðŸ¼ðŸ–•ðŸ¼,1
344,Ulol. Gurang? Hahahahaha. Muka ka ng uugod ugod. Mag anak ka na para malaman mong di ka baog. Baog. Hahahaha,1
345,"Good job sa project, ang neat ng pagkakagawa.",0
346,"Ganito ang pakiramdam ko ngayon, medyo pagod.",0
347,"Alam mo, muntik na akong madapa kanina sa hagdan.",0
348,shout out sayo kuyang nambastos sa akin kaninaðŸ˜mamatay kana tanga kapag ako napuno sayo uuwi kang lumpo sa inyoðŸ˜Š,1
349,"Solid plan, tara na't simulan na natin 'yan!",0
350,"Kadura-dura yung kabobohan at kapangitan ng mukha mo gorilla sa daanan. WALA KANG IKINAGWAPO PUTANGINA MO AT KAHIT NA ANONG GAWIN MO PANGIT KA PA RIN. SO WALA KANG MAID AT WALA KANG YAYA AT WALANG BAGONG CHEF. SO MAG-MAID, MAGYAYA OR MAGCOOK KA MAG-ISA MO. I'LL TEACH BOBO KA.",1
351,tangIna faggot kang anak ng pating kang abnoy ka na pisteng ulol ah fucking bitch giatay kang burikat ka na mukang ebak na puno ng kinginamong hayop ka ampanget ng nanay mo ampanget ng tatay mo syempre dika exempted panget ka din tangina mo,1
352,ULOL BINAY INGGIT KA LANG KASI NOGNOG KA TAS MAPUTI SI POE,1
353,"Sending virtual hugs your way, keep fighting!",0
354,SARAP SAKSAKIN SA MATA NUNG MGA BULAG,1
355,Sarap kaibigan ng mga bingi. Pwede ko sila kanchawan at pagsigawsigawan HAHAHHAAH,1
356,"Proud of you, bes! Ang dami mo nang na-achieve.",0
357,kingina sis lumpo ka? pahirap ka lang sa buhay ng jowa mo ðŸ™„ðŸ™„,1
358,Ngayon ko lang napanood yung commercial ni binay. Nognog amputa. Hahahahahahahahahaha.,1
359,Lmfao tabang kupal lumpo nakawheelchair,1
360,"Nakakatuwa 'yung mga kwento mo sa akin, nakakaaliw.",0
361,"Nami-miss na kita, kelan kaya tayo magkikita ulit?",0
362,panay paglamon panong hindi tataba tanga,1
363,pansin nyo ba napakabobo ng mga INC? kakaurat kumausap tangina,1
364,"Pag Indian na maitim humahawak sa food, kadiri . Pero pag Japonesa na maputi, okay lang",1
365,"Paki-check 'tong file, pakisabi kung may mali.",0
366,"TAPOS TANGINA KANG MONGOLOID PILOT KA, GAANO PA KABAGAL ANG PAGCHI-CHECK MO NG BOX NG reCAPTCHA KUNG HINDI NAMAN AKO PUPUNTA SA PASIG, MALABON AND MANDALUYONG BRANCHES? HINDI RIN AKO MAGTATRABAHO SA AIRPORT MO OR SA RESTAURANT MO PUTANGINA MO MONGOLOID PILOT. I'LL TEACH TANGINA.",1
367,Kadiri talaga mga indiano amoy pati pagkain kadiri,1
368,"Ang sabi ko PUTANGINA KANG SIRAULONG MONGOLOID PILOT KA DYAN SA AIRPORT AND MONGOLOID NEIGHBOR HERE IN PASAY CITY NA SPECIAL CHILD PARROT BEE PUTANGINA MO, HINDI AKO SI GRAZILDA DAHIL WALA AKONG KAPATID NA SIRAULONG BABAE AT WALA KANG KARAPATAN PARA PARUSAHAN AKO PUTANGINA MO!!!!",1
369,Sarap mo talaga suntukin inayupak ka!!!!pati pag tulog ng lunch babawalan mo kami..kung sa pinas ka lang lumpo kana!!my araw ka din!!!!!,1
370,"Ang bilis mo mag-react sa game, nakakabilib!",0
371,"Ang galing mo kumanta, wow! San ka nag-aral?",0
372,mga bakla dami nyo namang sinasabe tangina laging may words of wisdom ampota aga aga leche hahahahaha teh you just literally posted a thirst trap and now you want us to believe in ourselves GURL MY EATING DISORDER WANTS TO TALKK,1
373,tang ena kadiri mga Bicolano mukhang Pwet,1
374,Ang dami kong nakitang ibon sa puno.,0
375,"Ang payapa ng lugar na 'to, nakakarelax ang ambiance.",0
376,tangina mong nognog ka mamatay ka leche ka napakasinungaling mong gago ka,1
377,"Ako lang ba naiirita dito sa ""CEO"" kuno na to? Na araw araw maglive sa tiktok puro sold out ðŸ’€ Andami namang pinoy na nagpapauto na puputi ka daw agad, mga tanga amputa.",1
378,Have a great trip! Stay safe on your travels.,0
379,Maligayang bati sa iyo sa iyong espesyal na araw.,0
380,"Ang dami mong energy, saan galing 'yan, share!",0
381,"Nakakagutom ang amoy ng niluluto mo, ano 'yan?",0
382,all priests are fucking predators tangina nyong mga puta kayo fucking die in hell,1
383,"Sige, sunduin na lang kita mamaya sa office.",0
384,Nakakatawa talaga 'yung napanood nating pelikula kagabi.,0
385,"Hindi naman mukang Aeta 'yan eh, mas mukang taong grasa sa Edsa.",1
386,"Update mo ako, please, sa progress ng work mo.",0
387,matangkad lang naman â€˜yon at malaki ang katawan. pangit naman at bobo rin. bagay naman siguro sila. mga bobo,1
388,Mukhang masaya ang pagtitipon nila sa kabilang table.,0
389,"Tanginang mga against yan sa lgbt+ community, HAHAHAHAHHAHA mukhang mga libag. Gago.",1
390,"baba ko un o titi mo?' so jan mona inaamin na ikaw talaga yung nakakatusok ang baba? HAHAHAHAHAHAHA tangina bakla, palagas kana ng palagas. Pati sarili mo pinapahamak mo, baklang matanda na panget HAHAHAHAHAHAHAHA",1
391,Pwede mag-share ng thoughts ko about this topic?,0
392,"Mayroon kaming bagong katrabaho ngayon, mabait siya.",0
393,"Ang sarap sapakin nung lalakeng pasahero kanina sa jeep na naninigarilyo kahit na may nakalagay na ""no smoking/bawal manigarilyo."" maaan, dalawa pa yun at nasa harap mo pa. Hindi ka naman bulag nakashades ka lang. Hindi mo kinacool yon. Sana wag magbulag-bulagan at tanga. Sana.",1
394,"Ang ganda ng kanta sa radyo, paborito ko 'yan.",0
395,â€œgago ang taba moâ€ â€œtabi nga laking harangâ€ â€œlaki moâ€ â€œflat nung sumakay kaâ€,1
396,Ang presko ng hangin pagkatapos ng malakas na ulan.,0
397,TANGINA TALAGA NG MGA BABAENG STREAMERS ANLALAKAS MAGSTREAM PURO BOBO NAMAN. KAYA LANG MARAMING NANONOOD SAINYO KSI PURO LABAS SUSO KAYO,1
398,"On the way na ako, traffic lang talaga ngayon.",0
399,"Uy, kamusta day mo? Any exciting plans later?",0
400,ANG SARAP DURAAN NG MUKHA MONG HALIMAW KA MUKHANG ASO NA NATUTULOG SA PRINCIPAL'S OFFICE KAPAG WALA YUNG PRINCIPAL,1
401,"Sure, no problem with that, I can definitely help.",0
402,Blessed ka lang! Keep spreading positive vibes always.,0
403,"Maganda ang simula ng iyong araw, positivity lang.",0
404,PUTANGINA NIYO GAGO SCAM KAYO MGA DEPPUNGGOL WALANG KWENTANG PIECE OF SHIT AMPAPANGET NAMAN NG MGA LALAKI NIYONG CONTESTANT TAS NANANALO ULOL PAKYU MGA YAWA,1
405,bat ganun yung mga intsik uso maligo uy pati mga bumbai ang babantot amputa,1
406,"Ang init ng panahon, tagaktak na ang pawis ko.",0
407,Sana magkita tayo uli sa susunod na Linggo.,0
408,Ano ba kasing pinaglalaban ng mga Iglesia sa EDSA? Ang gulo na nga dun dinagdagan pa. Parang mga ulol lang.,1
409,Dios mio etong peklat na to khit saan c alden dun din cya. Pareho cla ni atay na prang mga asong ulol buntot ng buntot. Gurang kna ang lantod mo pa hilig magdikit dede nito. Mabait lng c alden d marunong mag pahiya sa kapwa,1
410,Ikaw bobo ang taba taba mo panget na bobo pa amf,1
411,"Maging positibo ka lang sa buhay, cheer up!",0
412,"Ang ganda ng araw na ito, salamat sa Diyos.",0
413,puta napaka pangit mo lang,1
414,LIIT NG TITI MO MARKO AND SHODAI KINGINAMO,1
415,Kala mo naman maganda boses mo ulol!! Para kang Bisayang badjao na di sanay mag Tagalog!!ðŸ˜‚,1
416,ang bobo mo antanga mo bulag ka na nga bingi ka pa tsk,1
417,"di kana nga maganda, wala ka pang utak",1
418,pakyu mukha kang gremlins gago,1
419,Pwede magtanong about dito? May question lang ako.,0
420,"May plano ka ba mamayang gabi, tara?",0
421,hahhahaha mga putanginang bobong bulag n mga suporter to! gutom n sinasampal n ng ktutuhanan mga incompetent bnoto nila tanga tangahan parin!,1
422,"Tangina talaga ng mga lalaki, may mga gf na dm pa ng dm sa ig pota mga manloloko talaga e. Gawin niyo pa ko kabet papanget niyo",1
423,"Walang anuman, masaya akong nakatulong sa 'yo.",0
424,"Ang galing ng team natin magtrabaho, amazing output.",0
425,"Walang traffic kanina, nakakapagtaka talaga sa EDSA.",0
426,bat karamihan sa mga babae naiinlove sa mukhang hito na mukhang aeta? HAHAHAHAHAHAH SORRY MY BAD,1
427,pangit ka na nga pangit pa taste mo sa lalaki ulol gaga,1
428,HOY IKAW! TIKAS NMAN NG FEZ MO..EH KAW MUKHA KANG MABAHO! MAS MUKHA KANG TRANNY NA NILASPAG NG 10 ARABO..NAKAKAHIYA KA!,1
429,Grabe ka sa yuck nikki e sa ating apat ikaw mas mukhang badjao Dinamay pa ako eh,1
430,Kala mo kung sino ka! tangina mo! ang itim mo gago! pero mas maitim pa rin ang singit mo!,1
431,"Ang gaan ng katawan ko ngayon, parang lumulutang.",0
432,"Ang bilis ng panahon, parang kahapon lang, ano?",0
433,Ang sarap ng feeling na nakapag-relax.,0
434,"Uy, tulungan mo ako dito, kailangan ko ng back-up!",0
435,"Ang tahimik ng gabi, perpekto sa pagbabasa.",0
436,"tong negra nato nakakaputangina e magsalita ka lang kapag tinatanong ano? tangina neto nakikisali, pang magaganda lang tong away nato. para sa mga naliligo lang, pakatas ka muna ng libag mo tangina mo",1
437,Sana all happy! Spread good vibes everywhere.,0
438,"Pa-comment naman sa post ko, gusto ko insights niyo.",0
439,"Kita-kits sa event later, excited na ako makita ka.",0
440,"Text kita later pag free na ako, okay?",0
441,"Super appreciate that, malaking tulong sa akin.",0
442,"Ang init ng panahon ngayon, nakaka-drain ng energy.",0
443,May dala ka bang snacks para sa byahe natin?,0
444,"di ka lang pala tanga, bingi pa... nagbibigay ng last minute instructions yun pakinggan mo maige... bakit sa rally nyo ba pagkatapos patayin na agad ang sound system? b0b0..",1
445,"Malapit na, konting tiis lang, makakarating din tayo.",0
446,"maganda lang katawan mo beh, pero pangit mukha mo",1
447,"Girl, shut your stinky pussy nasty goofy old bitch. Find a job so you can afford hygine stuff, baho amputa",1
448,Na kita ko lng... Kpal ng muks ni ate ohhh magnda daw sya!!! Oo nga magnda kang ihampas at ilampaso... Pweeeeeee... Mga bicolana/bicolano talaga...,1
449,ang attitude ng mga koreano sa totoo lng yung sobrang cold yung tingin tas ang baba pa ng tingin sa mga pinoy puta kayo puro retokada naman,1
450,Tangina mo benta mo pa ang pilipinas sa mga kupal na yan! Sino ka ba sa palagay mo? Kutong lupa ka ang panget mo.,1
451,"Tanginang #binay to. Ang itim na nga, pinaitim pa lalo sa comercial. Paawa amputa. ""Sino ba si nognog"" HAHAHAHAHAHAHAHAHA",1
452,"Buraot, tamad, abusado, baboy, maasim, manggagamit, pabigat sa magulang (at sa jowa), masamang impluwensya, mabantot, bastos... Di na ako nagulat na BBM supporter pa. Kadiri ka. Sa panahon ng kaalaman, nagpaka bobo ka. Toni G mo mukha mo.",1
453,Mas dugyot po mukha at utak mo. Kadiri. Utak talangka and self proclaimed wRitEr pero simple subject verb agreement bobo naman.,1
454,naiinis ako pre wtf ðŸ˜­ nandidiri talaga ako ang kapal ng mukha dapat sa mga lalaki tinutulian every month para madala,1
455,eh kadiri don eh. :( nognog pa huhu African bro!,1
456,Sapakin ko tong negro na to e. Pagkatapos mag pagupit ikakalat yung buhok.,1
457,partida bobo daw 90 ave di pa nagawa module ngek kadiri talitalinuhan ambahi naman ng mukha parang baboy literal legit talaga alam mo yung nag lalakad na baboy yung nag katawan tao ganon pero feeling mayaman pero walang laman bulsa engk,1
458,Papakamatay na lang ako kesa maging mentally retarded araw araw tulad mo,1
459,Panget mo amputa mukha ka sigurong gasul tangina ka,1
460,ulol mukha nga kayong badjao ng bebe mo,1
461,Gago kang negro ka putang shet ng ina mo fuck you btch mother fucker,1
462,"Ang tahimik ng gabi, perpekto para magbasa ng libro.",0
463,"Required ba talagang kapag apologist, bobo na, panget pa?",1
464,"Ang ganda ng pananaw niya sa buhay, positibo.",0
465,TANGINA MO KATE MATUTO KA NAMAN RUMESPETONG GAGO KA. AKALA MO ANG GANDA-GANDA MO? LOL BULAG NA PURO DEDE LANG NAMAN ALAM MO.,1
466,"Buti nakita kita ngayon, ang tagal nating 'di nagkita.",0
467,Inggit ka lang Ang laki kasi ng mukha mo tapos puro tigyawat pa kaya konti nagfofollow sa iyo !! Yuck kadiri kang Malandi ka !! BOBO !,1
468,TANGINA NUNG MGA INTSIK NA MAINLANDER DITO SA CONDO NAMIN ANG BABAHO AMOY ANGHIT NA MAY HALONG YOSI,1
469,"humawak ka pa talaga sa BILAT mo hayop ka GAGO, INUTIL, TARANTADO, GAGA, POKPOK, MAKATI ANG BILAT, BASTOS, BALAHURA, WALANG DIGNIDAD, MAUPUAN MO SANA ANG BALLPEN HAYOP KA TAPOS BUMAON SA BILAT MO, GAGO. BABARILIN KITA SINASABI KO SAYO",1
470,"Uy, ang cute naman ng bagong outfit mo!",0
471,"Uy, kumusta na po ang bagong school year?",0
472,Ang lakas mo sa pagharap sa bawat pagsubok.,0
473,Saan tayo magkikita mamaya? Paki-send ng location.,0
474,PUKING INA KA AKALA MO NAMAN ANG GWAPO MONG TOMBOY GAGO ANG PANGET AT ASIM MOðŸ‘¹ðŸ‘¹ðŸ‘¹ðŸ‘¹,1
475,"Pwede pa-explain ulit 'tong part na 'to, please?",0
476,Fuck that bitch HAHAHAHAHA gold digger nanga bobo pa ewww yuck panget mo oyy babaero pa fuck off,1
477,ulol taba mo di kana kasya sa icon mo,1
478,"Malapit na ako, bigyan mo lang ako ng five minutes.",0
479,putangina proud kang hindu? e si gandhi nga pedophile so sex offender ka din?,1
480,Sana makauwi na tayo bago pa magdilim ng todo.,0
481,"Ang payapa ng dagat, nakakarelax tignan ang alon.",0
482,Sana maging maayos ang lahat sa 'yo.,0
483,"Mags-seven years ka na sa college, ang taba taba taba mo, ang pangit pangit mo, bobo ka, tamad ka, wala kang kwenta, wala nagkakagusto sayo kasi mukha nakakadiri itsura mo.........",1
484,Kung mgbiro itong si Maye sa mga aeta amoy kabayo at mukhang kabayo naman,1
485,"Nakakatuwa 'yung mga kwento ninyo kagabi, tawa ako.",0
486,Buti na lang nakasabay tayo sa shuttle kanina.,0
487,Yung iba nga mas masahol pa sa amoy ng Bumbay o Iranian,1
488,Kausapin ka at makikinig ka? Pakamatay kana hayuuup ka nognog kadiri pakyu,1
489,"Gets ko na now, thanks for explaining clearly.",0
490,Nakaka-miss 'yung mga kuwentuhan natin noong bata pa.,0
491,"Ganito ang proseso, sundin mo lang para tama.",0
492,"kapag lalake ka at nags-skincare, icoconsider ka na bakla. kingina nyo kaya ang papangit ng ibang boys dito sa pinas mga punyetang walang proper hygiene",1
493,Sabunutan natin ang negrong kalbo! Hahhaha,1
494,Ang ganda ng pagkaka-design ng inyong bahay ngayon.,0
495,ako lang ba nakakapansin na mukang mga autistic yung mga koreano? hahahaha tangina iisa lang mga muka e,1
496,Looking forward to it! Can't wait to see you.,0
497,inamo gago mapanghe kapitalista nyeta ulol pakyu,1
498,tangina talaga ng mga straight guys na may fragile masculinity amputa ampapangit nyo tanga,1
499,ulol pakyu mukang babae ka lang don pangit buhok straight na straight kala mo pinaparebondðŸ‘Ž,1
500,"Ang sarap ng hangin dito sa labas, presko talaga.",0
501,pakyu liam mukha kang paa ng manok,1
502,PUTANGINA TALAGA NG MGA INC SERYOSO LUMAYAS NA KAYO SA KULTO NA YAN MAMAMATAY KAYO DYAN SINASABI KO SA INYO,1
503,Ang dami na nating napagdaanan na pagsubok.,0
504,Putangina Ang baho ng hininga nentong chekwa na toh!,1
505,Kailangan ko ang pirma mo dito sa document na 'to.,0
506,"kapal ng mukha mong sabihin na mas pogi ka pa kay jaemin jhones velarde ,pakyu mukha kang uhog na 'di malabas :/",1
507,Nakakatuwa ang mga nakikita ko sa paligid ngayon.,0
508,"God bless you always, take care of yourself.",0
509,BAKA MAS MALALA PA SA NCOV YANG PAGKA-KITID NG UTAK MO EH JUSKO KUNIN MO NA TONG KAWAWANG BATA NA TO DI LANG BADING NAPAKADUGYOT PA PUTANGINA,1
510,"Kahit patayin mo ko, negneg ka padin! Bahahaha!",1
511,May gusto ka bang panoorin sa sine mamaya?,0
512,"Kanina may nakisuyo sakin na Chekwa magpa picture sa Buddha, siya lang pinicturan ko kasi siya yung mukang buddha hahahha",1
513,Binigyan ako ng nanay ko ng paborito kong pagkain.,0
514,"Good point, friend. Hindi ko 'yan naisip kanina.",0
515,"Sorry for the delay sa reply, busy lang kanina.",0
516,"when will ppl understand that, just increasing the volume doesnt equate to sounding good, fuck man nakakapikon tunog dito sa church ansakit sa tenga amputa",1
517,"Grabe, ako pa aeta? Eh sinong mas mukhang aeta sating dalawa? Ikaw. Gorilla!",1
518,"ISang malaking kulto talaga tong iglesya, el shaddai at mga alagad ni quiboloy. Mga bobong nagsama sama sa iisang relihiyon. ang babaho ninyo pota",1
519,"Makes sense, gets ko na ang buong picture.",0
520,Ang yabang talaga ng Nognog kong Kuya. Kala mo naman may maipagmamalaki. Sarap sapakin e,1
521,anga Tignan mo BACKGROUND mo ang taba mo BOBO ka talaga no!,1
522,"BOBO mo talaga accla.. PANGET na nga, TANGA na, BOBO pa",1
523,"nagaasaran pa kayo kung sino? mga engot. putangina niyo patayin niyo sarili niyo. napakabaho ng ugali, ilang beses ko na kayong pinagsabihan na wag gawin, para kayong mga bingi mga bobo kayo putangina niyo",1
524,Sus ko po!! Dalaga ka na kilabutan ka sana. Mahiya ka naman sa maitim mong singit.,1
525,the fuck? what the fucking fuck is wrong with these fucking catholics? tangina nyo wala akong pake sa mga santo nyo kahit tawagin nyo pa si san pedro,1
526,Sana masaya ka palagi at maging kuntento sa buhay.,0
527,Dami mong alam pareho lang kayo bobo -_- NIGGER kayo pareho hahahahahah!! Mukha pang unggoy=)) mahaba lang baba ni ken,1
528,"tangina ng mga matatandang dds sa tiktok kala mo naman sobrang talino dahil lang matanda na sila. ""kabataan talaga ngayon"" pakyu mukha kang siko ðŸ–•ðŸ»",1
529,"Hustle lang, kaya 'yan, wag kang sumuko.",0
530,Kadiri kayong mga arabo dudugyot niyong mga tao,1
531,May plano ba tayo bukas? Para ready ako.,0
532,Ang sarap ng feeling kapag nakapag-relax ka lang.,0
533,"Magandang umaga, sir/ma'am, kumusta po ang araw ninyo?",0
534,putangina when will these buddhists realize that these animals are not gods? nakakaputangina lang rerespetuhin mo yung religion na matagal ng pioneer ng animal abuse,1
535,Magpakamatay ka na pang bobo ka. Gusto mo yata panot na presidente bobo,1
536,PUTANGINA MO ULY ANG PANGET PANGET MO MAMATAY NA NA GAGO ISAMA MO SI DIANA ABECIA JANA AND FEB BUONG PRETI LINERS MGA ULOL,1
537,Weekend na! Pahinga na tayo at mag-recharge ulit.,0
538,"ngayon naman forda jejemon daw, teh tignan mo nga sarili mo. di ka lang jejemon putangina mo bobo ka na nga, panget ka pa. ayan ang tunay na nakakaiyak",1
539,"di mo ikinaganda yang paglabas mo ng cleavage mo tanga, flat ka pa naman. Mukha kang plywood gago",1
540,"Gago ka, ang bobo-bobo mo at ang pangit mo pa. Dapat mamatay ka na dahil wala kang gamit sa mundong ito. Dapat umalis ka na dito at patayin mo na sarili mo",1
541,Saan mo nakuha 'yang napakagandang ideya na 'yan?,0
542,"Keep safe, always, especially pag gabi na.",0
543,"Nakakamiss ang bahay namin sa probinsya, payapa.",0
544,Ang sarap balikan ng mga masasayang alaala natin.,0
545,Ikaw pa may problema sakin eh ikaw tong nagloko ulol nakakadiri ka tangina mo bobo ka,1
546,"Keep safe and healthy, that's what matters most.",0
547,"Nakakatuwa ang bata, ang dami niyang kuwento.",0
548,HOY!ULOL DI KA MAGANDA MAPUTI KA LANG BRUHA !!!!,1
549,"Ang ganda ng pananaw mo sa buhay, nakaka-inspire.",0
550,"Ang talino ng mga tanong mo, nakaka-challenge.",0
551,Solid 'yan! Congrats sa new achievement mo!,0
552,Sana all fresh! Ang ganda ng umaga mo.,0
553,"Ang ganda ng bagong office setup, ang cozy tingnan.",0
554,"Sana all may ganyan, sobrang goals talaga.",0
555,etong mga madre na mga puta na sumusuporta kay lenitard putangina nyo,1
556,sarap hampasin ng batang to na muka naman douchebag and probably is one,1
557,Nice shot! Ang galing mo talaga sa laro na 'yan.,0
558,"ang panget mo tangina ka dami mong alam, maghahanap ka pa ng excuse para sa bulok mong ""joke"" kuno",1
559,"NEGRO AMPUTA! Hahahaha. Bei wag kasi magpainosente kunwari, magmamadre ka ba?",1
560,"Happy birthday, lods! Hope you have a blast.",0
561,yung isa lard ass fat fuck bungi yung isa weirdo na abangers yung isa cheater tapos pacool yung isa feminist na bobo naman at toxic feminism ang sinusupport yung isa pacool din na pangit naman tapos mga walang boundaries nung kami pa haha mga walang decency sa buhay kadiri,1
562,"Salamat po sa paghatid, nakatulong ka.",0
563,TANGINA NG MGA JOLOGS NA FRATMEN NA LALAKI ANO BANG SILBI NIYO SA WORLD KUNG HINDI MAG-ANGASAN WALA KAMI PAKI SA INYO PLEASE FADE INTO IRRELEVANCE PURO NAMAN KAYO LOVEHANDLES PURO KAYO YABANG MALIIT LANG DIN NAMAN TITE NYO TAS HINGI LANG DIN KAYO PERA SA MAGULANG MGA GAGO. PAHUBAD HUBAD PA KAYO SA OBLETION RUN LIIT NAMAN NG TITE NYO. DI NA AKO NAINSECURE SA TOTOY KO!,1
564,jusko mamatay sana tong si nognog. napakaano ng mga sinasabi.,1
565,"Sana makapunta tayo sa probinsya next time, please.",0
566,HOY NEGRO TAKTE MABUHAY KA NGA SAMPALIN MO NG KATOTOHANAN YANG NANAY MONG NOGNOG,1
567,"Tinawagan ako ng kapatid ko, may balita raw.",0
568,tangina mo lemuel isa kang pakyu mukha kang bayag,1
569,Napapalibutan ako ng mga mababaho. Halong chekwa at mga indiano.:(((( patayin niyo na lang ako.:(,1
570,eto yung sinasabi kong nakakaputangina na mga katoliko e na-drag masyado ung issue ni luka ng pukingina mga ipokrito na sumasamba sa mga kahoy mga putangina nyo,1
571,Excited na ako for our next hang out soon!,0
572,"Ingat sa biyahe, magandang araw sa 'yo at sa pamilya.",0
573,"Paumanhin po ulit sa abala, di ko po sinasadya.",0
574,MAMATAY KA NA AMBAHO MO NAMAN MUKA KANG BADJAO AMOY PUKE,1
575,"Kaya pala ang traffic, may kalsadang inaayos.",0
576,"im so tired of people invalidating my feelings just because nagtatanim ako ng sama ng loob sa family ko. girl, you don't know how much pain and sadness i've gone through sa side nila. shut up na lang please? tangina mga pangit na straight talaga walang magandang dulot sa mundo.",1
577,"Kaya mo 'yan, kapit lang, malalampasan mo rin 'yan.",0
578,"kulot mukhang aeta, mataba na maitim pa",1
579,"Bet ko talaga 'yang idea mo, game ako dyan.",0
580,kingina niyo mga bulag sarap patayin sinasaksak kakampi amp,1
581,"Mukhang aeta na kagagaling lang ng bundok yung isa, or mukhang patay na hinukay",1
582,Kamusta po ang exam niyo kanina? Sana madali lang.,0
583,Hindi ko inaasahan na makikita kita dito.,0
584,"HOY GAGONG ANN NA PANGET NA MUKHANG HILAW NA MUKANG AETA, GAGOOO! FUCK YOU .|. SHET , TANG INA MO!!",1
585,Maraming salamat sa pagpapahiram ng notebook mo kahapon.,0
586,puro ka suso wala ka namang utak,1
587,Ang sarap ng kape na ginawa niya para sa akin.,0
588,"Pakisuyo po, pakipasa ito kay sir sa kanyang table.",0
589,May nararamdaman ka bang kakaiba sa pakiramdam mo?,0
590,Next time ulit! Sana mas marami pa tayong time.,0
591,"Gagi, ang funny! Napa-tawa talaga ako dyan.",0
592,putangina gusto kung pasabugin mukha nyang pangit,1
593,TAPOS PUTANG INA ROBIN PADILLA OVER CHEL?? RISA??? TANGINA MO IGLESIA NI CRISTO SOBRANG PAKYUUUUUU,1
594,TANGA DI KA MAGUGUSTUHAN NG KUNG SINO MANG LALAKE DIYAN DAHIL ANG PANGIT PANGIT MO PUNO PA NG TIGYAWAT ANG MUKHA MO BOBO DI NAGIISIP BE LOGICAL GURL,1
595,nag sama ang mga tanga haha puta pangit niyo isang kambing at baboy,1
596,Hoy tanga waray badjao manahimik ka ita ka negrita ulol ka n nmn,1
597,"Nakakatuwa ang jokes mo, ang dami kong tawa.",0
598,ulol ka talaga! Sa sobrang taba mo you cant follow me back!,1
599,major culture shock sa japan yung okay lang magcheat as long as walang emotional attachment. like wtf makaiwas na nga sa mga hapon muka namang mga mongoloid,1
600,Ingat sa ulan! Baka magkasakit ka pa nyan.,0
601,Puta ngayon lang ba sila naka kita nang naka tak-in tapos matambok pwet? Tangina mga bisakol talaga amputa! Babaho nyu!,1
602,SINASAMBA NYO YANG SANTO PAPA? REALLY? THESE CATHOLICS ARE DIGGING THEIR WAY TO HELL FUCKING CULT SHIT,1
603,Kailan ulit 'yang final submission? Pwede pa-remind?,0
604,Ready na ba ang lahat? Simulan na natin ang laro!,0
605,"keri ko na yun kesa sa mga indian! Haha ktakot na, kadiri pa!",1
606,"Congrats sa achievement mo, sobrang proud ako sa 'yo!",0
607,i think may sakit sa pagiisip tong kupal na babae na ito,1
608,"Ang ganda ng sunset, ang kulay ng langit.",0
609,"Ang lakas ng loob mo, hinahangaan kita sobra.",0
610,"I-on mo â€˜yang message button mo kung matapang ka. Kapal ng mukha mo. Nakakadiri ka, â€˜yang buong pagkatao mo, sobrang kadiri. Bobo mo rin sa part na nilalahat mo kami.",1
611,tangina mas sexy daw bago nya kasi may abs hahahahahahahaha tangina mo nung tayo nga ang taba taba mo di ako nagreklamo pakyu ka manahimik ka na pls lang,1
612,Lahi Malnourish amf. papansin wla nmn ambag sa lipunan. Agot na igorot,1
613,"Okay lang 'yan, mangyayari talaga sa lahat minsan.",0
614,kala mo bingi na di nadidinig lahat ng pinag babawal sarap tadyakan,1
615,"Ang init ng kape mo, sarap inumin sa lamig ng office.",0
616,"Appreciate your understanding always, malaking tulong.",0
617,Kailan kaya ulit tayo makakakain sa restaurant na 'yan?,0
618,Masarap balikan ang mga masasayang alaala.,0
619,"Nag-aalala ako sa 'yo, kumusta ka?",0
620,salamat nalang na pakitaan mo ako ng respeto tarantado ka abnormal,1
621,"Teka, may nakalimutan ba tayong bilhin sa grocery?",0
622,Kaya nga eh! Tintigasan ako sayo? Fuckshit. Yung mukhang Aeta na yun? A'ah. Kakarume,1
623,"Buti natuloy ang dinner natin, salamat.",0
624,"TNAGINA YUNG OFFICMATE KONG TAMAD! TAAS NG SWELDO PERO SAKSAKAN NG TAMAD. LAGING WALANG AMBAG SA TRABAHO, PANAY BREAK LANG INAATUPAG. ALISTO LANG SIYA SA KAINAN. ANG BAHO PA NANG HININGA TAPOS UTOT PA NG UTOT AT TUWANG TUWA PA SIYA. BASTOS PUTA!",1
625,Bakit bawal ako mag shorts pero yung mga indian pwede mag suot ng kita tiyan kahit kadiri tignan bilbil nila,1
626,"Kinginamo ekis kana samin, nakuha mo inis naming lahat. Wala kang utang na loob, tinuring ka ng kaibigan nagawa mo pang manira behind our back. Ikaw yung literal na hipon sza, sinasabi ko sayo dami umapproved na hipon ka talaga. Ipit suso ka?stay ka lang jan sa shota mong cheater",1
627,may pakita kapang dede dyan sa post mo wala naman laman bobo,1
628,Nag sisimba ko mga tanga ahahahahha kung born again lang kayo eh edi sana sinama ko na kayo para masaksihan nyo hahahahhaha,1
629,"Good vibes lang tayo, positibo lang ang isipin.",0
630,Ang gaan ng loob ko nang malaman ko ang balita.,0
631,"Keep up the good work, you're doing amazing!",0
632,Sana magtagumpay ka palagi sa lahat ng ventures mo.,0
633,"Nakita ko si Mama kanina sa palengke, namili.",0
634,ang panget mo kasi kaya ginaganyan ka,1
635,"Ang lamig ng aircon, nakakagana mag-stay dito.",0
636,Nakakarelax ang tunog ng alon sa tabing-dagat.,0
637,"Ang saya ng bata kanina, ang likot maglaro.",0
638,Ang dami mong natutunan sa paglalakbay na ito.,0
639,Ulol mas maputi ako sa'yo tapos ikaw ang liwanag????,1
640,mukha kang maskulada na negra hahaha! Taratada ka makalit ka wagas eh ang sarili mo pala! Negra kaa! Sarap mong sapakin!,1
641,Mga nognog amputa. Wat commercial is dis anong meron sa nognog at kailangan tong i emphasize,1
642,"Inspirasyon ka sa marami, patuloy lang sa pagiging ikaw.",0
643,Yung pepe mo bulok at sana gahasain ka ng mga gangster sa japan huli ka hahahahaha fuck you bitch,1
644,fresh ka? wdym tanga puro ka nga tigyawat? nuka bulag??? hahahahahahha,1
645,Bakit kaya ganun 'yung nangyari? Medyo confusing.,0
646,bobo ka ang tanga nitong intsik na to palibhasa ang chink ng mata kaya bulag e,1
647,Ang gaan ng loob ko kapag kasama ka palagi.,0
648,"Parang dati lang, ang bata-bata pa natin.",0
649,Sana masaya ang iyong trip sa ibang bansa.,0
650,Ang ganda naman ng suot mong kulay.,0
651,"Tigilan mo ako, nakakasura katawan mong hayop ka.",1
652,"Ang galing mo talaga, idol! Super impressive 'yan.",0
653,"wAit lang,,,,,,, humabOl si ate gurl sa gAbi ko hshshshs ang lakas manlait ih purO ka na nga lang pimples ano pinaglalaban mo filter?Â¿ pArA mawala pimples mo?Â¿?hshshshshshs i pity Ã¼ ðŸ˜œ 'wag kang manlait kung may kapintasan din sa pagmu mukhA mo HAHAHAHA mukha kang tAngA ðŸ¤­",1
654,"Ang bilis mong matuto, ang husay mo talaga!",0
655,Laban lang sa life! Kaya natin 'to palagi.,0
656,"napaka talaga nitong negro na to, sarap saksakin ng gluta eh",1
657,Thanks for reaching out to me about this.,0
658,Napaka in-demand ko naman ðŸ˜‚ Ano ka jan AÃ±ano? Pakyu mukha kang chimpanzee na may damit ðŸ–•ðŸ–•ðŸ–•ðŸ–•,1
659,Ganito ang plano ko para sa susunod na linggo.,0
660,"Ang bilis ng internet ko ngayon, wala nang lag.",0
661,"may mag mamahal pa pala sayo kahit ang taba, bobo, at ang pangit mo",1
662,TANGINA NYO MGA MAINLAND CHING CHONGS BAT PARE-PAREHAS ANG UGALI NYONG MAGASPANG NA MAHILIG MAG-CUT NG LINE. AMBABAHO NYO PANG MGA HINAYUPAK KAYO.,1
663,TANGINA MO ANG TABA MO TAS FEELING MAGANDA PA,1
664,ikaw puTang inang babaeng pokpok ka wg mq sagarin dhil mAs puta aq sau!!!.. mkitaan lng kita ng ebedensyanG agAinst skn huhubaran kita..kya nepeperahan ka ng mga tomboy mo kc puro puke nilalatag mo!..,1
665,baka Gusto mo mawalan Ng tagyawat lintik na mga lalaki yan,1
666,"Sige, Tangina ka itaas mo yang Sarili mo Pota amoy ANGHIT kang punyeta ka",1
667,"Nakakaaliw ang bata, ang kulit-kulit pero cute.",0
668,"Good vibes only, forever! Walang negative energy dito.",0
669,"Kadiri itong mga pinoy na ni hindi maka ingles ng walang at sa hitsurapa lang, di mo man lang mapagkamalan na Indian, White, o itim.",1
670,tanga di ka buddhist pero kamukha mo si buddha ðŸ˜‚,1
671,bodyshamer ka hayop eh ang may babae ka na mataba. sana ayos ka lang?,1
672,My girl my girl pa kayo papangit naman ng mga shota nyo,1
673,tangina ng mga babae sa likod namin may masabi ay puta ang iingay pa hayop sakit sa tenga aasim naman,1
674,"Sana hindi umulan mamaya sa labas, may lakad.",0
675,kasalanan mo to dutite tangina mo ka gago ka PAKYU mukha kang betamax,1
676,Bobo ng negneg mag ml pota hahahags,1
677,Kumusta po ang project ninyo ngayon? May progress?,0
678,Anong paborito mong kulay ngayon? Bakit 'yan?,0
679,"Always here for you, don't hesitate to reach out.",0
680,Sarap patayin niyang BAKLANG NEGRO na yan!,1
681,"Grabe ang traffic sa EDSA, inabot ako ng dalawang oras.",0
682,Ang linaw ng mga bituin sa kalangitan ngayong gabi.,0
683,Sana all masaya at successful sa buhay nila.,0
684,Saludo ako sa mga babaeng ang lalandi kahit ang papangit ng mukha,1
685,tara awayin natin hahaha. abangan ko sa kanto yan. bulag at bingi di maka appreciate sakanya hahahaha,1
686,"Good game, guys, kahit hindi tayo nanalo ngayon.",0
687,"Ang sarap balikan ang alaala, nakakatuwa.",0
688,"Ang ganda ng ngiti mo ngayon, nakakahawa ang saya.",0
689,Galing! Petmalu! Ang husay talaga ng ginawa mo.,0